{
    "body": [
        {
            "Q": -1.0,
            "_p": [
                1.2134512762013021e-05,
                0.00011870418429337736,
                2.547369892501913e-12
            ],
            "mass": 1.0,
            "name": "Star",
            "position": [
                9.583714571016019e-06,
                -4.885739364791923e-07,
                -1.0867730521251086e-13
            ],
            "radius": 695700.0,
            "rigid": false,
            "time_lag": -1.0,
            "velocity": [
                3.322248531694188e-08,
                3.249943444034972e-07,
                6.974318665302979e-15
            ]
        },
        {
            "Q": 0.6,
            "_R": {
                "m": [
                    -0.08312339978245137,
                    -0.014328499985603276,
                    -0.9964362470836062,
                    -0.9512480489000306,
                    -0.2968743600565489,
                    0.08362274693340023,
                    -0.29701456171871843,
                    0.9548090429156594,
                    0.01104724846227672
                ],
                "nc": 3,
                "nr": 3
            },
            "_p": [
                -1.2134512762013021e-05,
                -0.00011870418429337739,
                -2.547369892501913e-12
            ],
            "_pi": [
                -3.6524603438530493e-16,
                1.88781842858607e-15,
                9.739308051137363e-13
            ],
            "angular_velocity": [
                -0.012635265947571429,
                0.06530625149034412,
                33.65835628216486
            ],
            "euler_angles": [
                -2.8389476683005337,
                1.654015748954085,
                -1.55641757195915
            ],
            "inertia_tensor": [
                2.89068735e-14,
                2.8907162568735e-14,
                2.8935780373499995e-14
            ],
            "mass": 1.201092e-05,
            "name": "Planet",
            "position": [
                -0.3979167766516489,
                0.04067747808815063,
                9.04820823155167e-09
            ],
            "radius": 12756.273999999998,
            "rigid": true,
            "symmetric": false,
            "time_lag": 0.00020131013,
            "velocity": [
                -0.002766023361819234,
                -0.027058239036101925,
                -5.806648171249977e-10
            ]
        }
    ],
    "current_time": 50000.00094703793,
    "output_format": {
        "Eheat": false,
        "Ftf": false,
        "Hamiltonian": false,
        "axial_tilt": true,
        "axis": true,
        "customize": false,
        "momentum": false,
        "obliquity": true,
        "orbital_elements": true,
        "position": false,
        "spin": true,
        "velocity": false
    },
    "parameters": {
        "GR": false,
        "coordinates": "central",
        "output_gaps": 50000,
        "potential_order": 2,
        "save_interval": 50000.0,
        "scheme": "M42",
        "step_size": 0.001,
        "tide": true
    },
    "system_name": "se_res",
    "tidal_pairs": {
        "Planet": [
            "Star"
        ],
        "Star": []
    }
}
